id,date_hour,amount,status,type,platform,id_customer,id_bill
TXN001,2024-06-01 10:00:00,38940,Pendiente,Pago de Factura,Nequi,149186547,FAC7068
TXN002,2024-07-09 12:00:00,75145,Pendiente,Pago de Factura,Daviplata,475925688,FAC6577
TXN003,2024-06-13 10:00:00,179217,Fallida,Pago de Factura,Daviplata,112231541,FAC5707
TXN004,2024-07-26 13:00:00,51767,Fallida,Pago de Factura,Daviplata,708283326,FAC7188
TXN005,2024-07-28 06:00:00,156501,Completada,Pago de Factura,Daviplata,959234562,FAC7289
TXN006,2024-07-16 21:00:00,32428,Completada,Pago de Factura,Nequi,243553915,FAC2190
TXN007,2024-07-26 22:00:00,75301,Pendiente,Pago de Factura,Daviplata,7005498,FAC6207
TXN008,2024-06-17 16:00:00,16870,Pendiente,Pago de Factura,Nequi,724330039,FAC1691
TXN009,2024-07-10 23:00:00,21794,Fallida,Pago de Factura,Nequi,643387222,FAC4680
TXN010,2024-06-19 23:00:00,193307,Completada,Pago de Factura,Daviplata,215716832,FAC8010
TXN011,2024-06-01 06:00:00,159093,Completada,Pago de Factura,Daviplata,92651576,FAC1328
TXN012,2024-07-12 19:00:00,174518,Pendiente,Pago de Factura,Nequi,724488250,FAC8140
TXN013,2024-07-04 12:00:00,110254,Fallida,Pago de Factura,Daviplata,265881315,FAC4679
TXN014,2024-07-12 04:00:00,162283,Pendiente,Pago de Factura,Nequi,401149568,FAC3589
TXN015,2024-06-21 12:00:00,22161,Pendiente,Pago de Factura,Daviplata,778029406,FAC6122
TXN016,2024-07-08 12:00:00,195775,Pendiente,Pago de Factura,Daviplata,307805784,FAC4870
TXN017,2024-06-27 03:00:00,20824,Fallida,Pago de Factura,Nequi,484837788,FAC5322
TXN018,2024-07-09 05:00:00,191134,Completada,Pago de Factura,Nequi,962795476,FAC8663
TXN019,2024-06-16 20:00:00,62979,Completada,Pago de Factura,Daviplata,965030358,FAC4380
TXN020,2024-06-08 22:00:00,36472,Fallida,Pago de Factura,Daviplata,644042817,FAC5128
TXN021,2024-06-16 06:00:00,127881,Completada,Pago de Factura,Nequi,689720635,FAC7986
TXN022,2024-07-30 03:00:00,26317,Fallida,Pago de Factura,Daviplata,800125157,FAC7543
TXN023,2024-07-27 01:00:00,147364,Pendiente,Pago de Factura,Nequi,268619593,FAC7964
TXN024,2024-06-26 01:00:00,153404,Pendiente,Pago de Factura,Daviplata,625774276,FAC1309
TXN025,2024-07-07 10:00:00,14210,Completada,Pago de Factura,Nequi,569906245,FAC8025
TXN026,2024-06-08 19:00:00,49012,Completada,Pago de Factura,Daviplata,328037408,FAC8943
TXN027,2024-06-28 06:00:00,40302,Fallida,Pago de Factura,Daviplata,969677194,FAC1190
TXN028,2024-07-03 01:00:00,27833,Pendiente,Pago de Factura,Daviplata,796337665,FAC4264
TXN029,2024-07-29 02:00:00,30313,Fallida,Pago de Factura,Nequi,636808209,FAC1462
TXN030,2024-07-26 20:00:00,134884,Fallida,Pago de Factura,Daviplata,975617669,FAC6381
TXN031,2024-07-03 10:00:00,28982,Completada,Pago de Factura,Nequi,569390187,FAC8571
TXN032,2024-06-15 17:00:00,158030,Pendiente,Pago de Factura,Nequi,325459789,FAC7018
TXN033,2024-06-24 08:00:00,196009,Fallida,Pago de Factura,Daviplata,325603096,FAC4082
TXN034,2024-06-22 17:00:00,68526,Pendiente,Pago de Factura,Daviplata,819212515,FAC5756
TXN035,2024-06-23 12:00:00,165287,Completada,Pago de Factura,Nequi,444056964,FAC9278
TXN036,2024-06-28 11:00:00,178265,Fallida,Pago de Factura,Nequi,717643055,FAC6223
TXN037,2024-07-23 18:00:00,98069,Completada,Pago de Factura,Nequi,30122773,FAC8510
TXN038,2024-07-28 00:00:00,153150,Completada,Pago de Factura,Nequi,622536043,FAC4305
TXN039,2024-06-05 12:00:00,86902,Pendiente,Pago de Factura,Daviplata,747822485,FAC9358
TXN040,2024-06-28 04:00:00,96457,Pendiente,Pago de Factura,Nequi,857630459,FAC1208
TXN041,2024-06-07 20:00:00,145586,Fallida,Pago de Factura,Daviplata,204909440,FAC5492
TXN042,2024-07-15 19:00:00,163425,Fallida,Pago de Factura,Nequi,241114561,FAC6585
TXN043,2024-07-26 02:00:00,186218,Pendiente,Pago de Factura,Nequi,494808313,FAC2187
TXN044,2024-07-12 01:00:00,159000,Fallida,Pago de Factura,Daviplata,315164793,FAC7545
TXN045,2024-07-21 21:00:00,94554,Pendiente,Pago de Factura,Daviplata,505327194,FAC9699
TXN046,2024-07-26 11:00:00,152659,Fallida,Pago de Factura,Daviplata,892962448,FAC2512
TXN047,2024-06-05 17:00:00,165021,Pendiente,Pago de Factura,Daviplata,394523505,FAC1330
TXN048,2024-06-10 10:00:00,115066,Completada,Pago de Factura,Daviplata,763963140,FAC9310
TXN049,2024-06-03 20:00:00,161029,Completada,Pago de Factura,Daviplata,594590875,FAC9524
TXN050,2024-07-29 03:00:00,167924,Completada,Pago de Factura,Nequi,25832528,FAC7938
TXN051,2024-07-24 19:00:00,147991,Pendiente,Pago de Factura,Daviplata,97866586,FAC8649
TXN052,2024-07-26 11:00:00,124048,Completada,Pago de Factura,Nequi,79987146,FAC4348
TXN053,2024-07-13 23:00:00,138162,Completada,Pago de Factura,Nequi,520620439,FAC9905
TXN054,2024-06-28 00:00:00,161137,Fallida,Pago de Factura,Nequi,260613460,FAC5210
TXN055,2024-06-17 03:00:00,35669,Fallida,Pago de Factura,Daviplata,511962082,FAC8033
TXN056,2024-07-06 07:00:00,67867,Fallida,Pago de Factura,Nequi,527088924,FAC7850
TXN057,2024-07-25 20:00:00,58242,Fallida,Pago de Factura,Nequi,181982363,FAC7378
TXN058,2024-06-09 20:00:00,113319,Pendiente,Pago de Factura,Nequi,87147005,FAC3104
TXN059,2024-07-11 23:00:00,37708,Completada,Pago de Factura,Daviplata,623072602,FAC2382
TXN060,2024-07-20 16:00:00,54969,Pendiente,Pago de Factura,Nequi,729577216,FAC6022
TXN061,2024-07-08 23:00:00,51411,Completada,Pago de Factura,Daviplata,696739719,FAC3529
TXN062,2024-07-17 05:00:00,45233,Completada,Pago de Factura,Nequi,520971718,FAC1856
TXN063,2024-06-10 01:00:00,99926,Fallida,Pago de Factura,Nequi,785949232,FAC5678
TXN064,2024-06-20 12:00:00,31572,Completada,Pago de Factura,Nequi,519768710,FAC7474
TXN065,2024-06-14 03:00:00,123720,Pendiente,Pago de Factura,Nequi,64271785,FAC9956
TXN066,2024-07-29 14:00:00,17171,Fallida,Pago de Factura,Daviplata,357901640,FAC7570
TXN067,2024-07-23 09:00:00,56259,Fallida,Pago de Factura,Daviplata,830210363,FAC2909
TXN068,2024-06-20 22:00:00,196548,Fallida,Pago de Factura,Daviplata,696962875,FAC2139
TXN069,2024-06-20 18:00:00,93635,Completada,Pago de Factura,Daviplata,896950954,FAC8752
TXN070,2024-07-15 21:00:00,58585,Completada,Pago de Factura,Daviplata,196811583,FAC8107
TXN071,2024-06-06 18:00:00,86244,Completada,Pago de Factura,Daviplata,893866597,FAC7475
TXN072,2024-07-18 20:00:00,55572,Fallida,Pago de Factura,Nequi,291010345,FAC3660
TXN073,2024-06-21 06:00:00,50713,Fallida,Pago de Factura,Nequi,915064128,FAC9573
TXN074,2024-06-29 18:00:00,129480,Completada,Pago de Factura,Nequi,11426912,FAC2238
TXN075,2024-07-03 20:00:00,41657,Completada,Pago de Factura,Daviplata,174039328,FAC6979
TXN076,2024-06-15 11:00:00,126084,Completada,Pago de Factura,Daviplata,565067343,FAC8740
TXN077,2024-06-04 07:00:00,190936,Fallida,Pago de Factura,Nequi,333387701,FAC9872
TXN078,2024-06-21 21:00:00,78561,Fallida,Pago de Factura,Nequi,355405632,FAC9634
TXN079,2024-07-23 11:00:00,162844,Completada,Pago de Factura,Nequi,71585472,FAC9210
TXN080,2024-06-29 15:00:00,80235,Fallida,Pago de Factura,Nequi,708960117,FAC3888
TXN081,2024-06-18 00:00:00,158138,Pendiente,Pago de Factura,Daviplata,626043010,FAC7110
TXN082,2024-06-06 15:00:00,101593,Pendiente,Pago de Factura,Daviplata,326481119,FAC5649
TXN083,2024-06-22 03:00:00,103741,Pendiente,Pago de Factura,Daviplata,599800533,FAC1490
TXN084,2024-07-04 02:00:00,41300,Pendiente,Pago de Factura,Daviplata,492953650,FAC5439
TXN085,2024-06-19 11:00:00,89956,Completada,Pago de Factura,Daviplata,573712035,FAC4962
TXN086,2024-07-13 05:00:00,165402,Completada,Pago de Factura,Nequi,56103750,FAC8801
TXN087,2024-07-04 09:00:00,106689,Pendiente,Pago de Factura,Nequi,867865303,FAC1904
TXN088,2024-06-14 11:00:00,22411,Completada,Pago de Factura,Nequi,355813998,FAC7503
TXN089,2024-06-27 05:00:00,11359,Pendiente,Pago de Factura,Daviplata,118434130,FAC7561
TXN090,2024-06-08 10:00:00,79808,Pendiente,Pago de Factura,Nequi,779362405,FAC5390
TXN091,2024-07-05 21:00:00,42648,Pendiente,Pago de Factura,Nequi,499561637,FAC1760
TXN092,2024-06-03 05:00:00,101468,Pendiente,Pago de Factura,Daviplata,179287266,FAC3395
TXN093,2024-06-21 17:00:00,115488,Pendiente,Pago de Factura,Daviplata,667230218,FAC1926
TXN094,2024-07-26 00:00:00,61920,Completada,Pago de Factura,Daviplata,311310607,FAC7521
TXN095,2024-07-23 20:00:00,141510,Fallida,Pago de Factura,Nequi,319413369,FAC6693
TXN096,2024-07-08 19:00:00,39792,Pendiente,Pago de Factura,Daviplata,861461933,FAC1513
TXN097,2024-07-09 05:00:00,87689,Completada,Pago de Factura,Daviplata,61660425,FAC3039
TXN098,2024-07-06 00:00:00,178739,Fallida,Pago de Factura,Nequi,603449840,FAC3709
TXN099,2024-07-27 10:00:00,105611,Fallida,Pago de Factura,Daviplata,917844640,FAC3914
TXN100,2024-07-11 07:00:00,141787,Fallida,Pago de Factura,Daviplata,843106189,FAC8875
